id;name;timestamp;date;weight;impedance
1;Peter;2026-08-20T07:51:41;2026-08-20;72.25;524
1;Peter;2026-08-21T07:20:03;2026-08-21;72.15;540
1;Peter;2026-08-22T07:21:45;2026-08-22;72.45;533
1;Peter;2026-08-23T06:49:09;2026-08-23;73.15;507
1;Peter;2026-08-24T07:00:00;2026-08-24;73.11;506
1;Peter;2026-08-25T07:00:00;2026-08-25;73.07;504
1;Peter;2026-08-26T07:00:00;2026-08-26;73.03;502
1;Peter;2026-08-27T07:00:00;2026-08-27;72.99;500
1;Peter;2026-08-28T07:00:00;2026-08-28;72.95;498
1;Peter;2026-08-29T07:00:00;2026-08-29;72.91;496
1;Peter;2026-08-30T07:00:00;2026-08-30;72.87;494
1;Peter;2026-08-31T07:00:00;2026-08-31;72.85;492